gen,CORR
RIL_S23,-0.992987241
RIL_S24,-0.999294079
F2,-0.992703778
F2,-0.976083244
F2,-0.998211233
